Código;Especialidad;Descripción;Origen;Naturaleza;Ejercicio como empleo (1-4);Aviso que sustenta el empleo;Ejercicio como negocio propio (1-4);Sustento del negocio propio;Funciones que encierra (n);Funciones que encierra (lista);Proceso que ejecuta;Evidencia que entrega;Demanda · volumen de puestos (1-4);Demanda · amplitud de empleadores (1-4);Demanda · escasez (1-4);Demanda · remuneración (1-4);Demanda · formalidad (1-4);Tendencia · crecimiento observado (1-4);Tendencia · impulso normativo (1-4);Tendencia · inversión sectorial (1-4);Tendencia · driver estructural (1-4);Tendencia · madurez tecnológica (1-4);Impacto · criticidad (1-4);Impacto · alcance (1-4);Sostenibilidad · resistencia a la automatización (1-4);Demanda (0-100);Tendencia (0-100);Impacto (0-100);Sostenibilidad (0-100);Potencial de mercado (0-100);Sustento de demanda;Sustento de tendencia;Sustento de impacto y sostenibilidad;Referencias (ids APA);Procedencia (dato contado / juicio del modelo);Panel de expertos (P1-P6 · mediana · I-CVI · CVR · acuerdo · RIC);Aprobada (M3);Capacidad · docentes (1-4);Capacidad · campos de práctica (1-4);Capacidad · infraestructura (1-4);Capacidad · diferenciación (1-4);Capacidad · habilitación normativa (1-4);Capacidad instalada (0-100);Prioridad (potencial × capacidad ÷ 100);Destino (M5);Seleccionada (M5);Motivo si sale
SIS-01;Desarrollo de software e ingeniería de aplicaciones;Construye el software que una organización usa: levanta requisitos, diseña, programa, prueba y lo pone en producción.;establecida;desarrollo;4;"Estado: «Especialista en desarrollo de sistemas» S/ 10 000–11 000 y «Analista programador» recurrentes en 2 089 vacantes públicas [E-L2]; LinkedIn «Desarrollador» 311 avisos [E-B12].";4;"Fábricas de software y outsourcing (BairesDev, Inetum, Encora) y consultoras propias; oferta remota en USD [E-L1][E-L8][E-B13].";12;Requisitos · modelado · arquitectura · backend · frontend · integración de APIs · pruebas · revisión de código · CI/CD · despliegue · mantenimiento · documentación;Analizar → diseñar → construir → verificar → desplegar;Software desplegado en producción con su repositorio, pruebas automatizadas y documentación;4;4;3;3;2;3;2;4;3;4;3;4;3;82;68;80;67;75;"Ingeniería de Sistemas de Información lidera la EDO 2025 con 5 226 puestos proyectados; banca, outsourcing, telecom, seguros y Estado convocan [E-L10][E-L1][E-L2]. Buk 2026: líder de desarrollo mediana S/ 8 300, arquitecto S/ 10 850 frente a S/ 4 331 del promedio joven [E-L11][E-L6]. Colegiatura exigida en el Estado, no visible en el privado [E-L2].";"Demanda de desarrolladores +15 % en 2024 (Michael Page) con desaceleración en 2026 (NEO TI 22 → 15 %) [E-L7][P-L9]; inversión en IA 3,9x y VC de US$ 45,5 M a 76,5 M 2022–2025 [P-L4][P-L6][P-L12]; sin norma con plazo propia [N].";"Sostiene banca, retail, telecom, salud y Estado; OIT ubica al software entre los trabajos cognitivos con exposición creciente a la IA: se automatiza código rutinario, no la arquitectura ni los requisitos [P-L10].";"E-L1, E-L2, E-L7, E-L10, E-L11; P-L4, P-L9, P-L10; N-1; O-tabla";Conteos y cifras: dato verificable (evidencias). Puntuaciones 1–4: juicio del modelo bajo reglas declaradas.;4 4 4 4 4 4 · med 4 · I-CVI 1 · CVR 1 · 100 % · RIC 0 · Esencial;;;;;;;;;;;
SIS-02;Ciencia de datos e inteligencia artificial;Convierte datos en decisiones y en modelos que aprenden: gobierna el dato, modela, entrena, evalúa y pone el modelo a operar.;emergente;datos;4;"LinkedIn Perú «Data Scientist» 844 vacantes [E-B10]; aviso Get on Board «Data Engineer, Lima, híbrido, US$ 1 500–2 500» (18-09-2026) [E-L8].";3;"Consultoras de datos (Bluetab, Artefact) y trabajo remoto en USD; freelance sin cifra [E-L8].";9;Ingesta · gobierno del dato · modelado · entrenamiento · validación · MLOps · monitoreo · comunicación de resultados · ética algorítmica;Gobernar el dato → modelar → entrenar → evaluar → implantar;Modelo en producción con su informe de evaluación y su tablero de decisión;4;4;4;4;2;4;3;4;3;3;3;4;3;93;83;80;67;83;"Banca, telcos, retail y consultoras convocan; +20 % de demanda en IA y big data en 2025 «con falta de profesionales»; 76 % de empleadores no encuentra talento en IA; déficit >2 700 científicos de datos [E-L7][E-L9][P-S]. Remuneración divergente: Indeed S/ 3 755, levels.fyi PEN 83 040 anuales [E-B10].";"Gasto en IA US$ 497 M en 2025, +20 % anual hasta 2027; CAGR 21,1 % 2025–2029; 6 de 10 empresas en piloto o implementación [P-L3][P-S]. Ley 31814 y reglamento DS 115-2025-PCM con plazos de adecuación 2026–2029, sin presupuesto [N-4].";"Es la especialidad que construye la automatización; se automatiza la exploración y el modelado estándar, no la definición del problema ni la gobernanza [P-L4].";"E-L7, E-L8, E-L9; P-L3, P-L4; N-4; O-tabla";Conteos y cifras: dato verificable (evidencias). Puntuaciones 1–4: juicio del modelo bajo reglas declaradas.;4 4 3 3 4 3 · med 3.5 · I-CVI 1 · CVR 1 · 100 % · RIC 1 · Esencial;;;;;;;;;;;
SIS-03;Ciberseguridad y gestión de riesgos digitales;Protege la información y los sistemas: evalúa riesgos, detecta, responde a incidentes y sostiene el cumplimiento.;establecida;seguridad;4;"Jefaturas y especialistas en banca, fintech, telecom y Fortinet; Buk 2026 jefe de ciberseguridad mediana S/ 11 380 [E-L11][E-L1]; ~123 ofertas contadas en 2023 [E-B7].";4;"Servicios gestionados de seguridad y consultoras; la SBS exige evaluación independiente con certificaciones internacionales [N-3].";10;Análisis de riesgos · vulnerabilidades · pruebas de penetración · SOC · respuesta a incidentes · forense · cumplimiento · concientización · continuidad · identidades;Evaluar el riesgo → proteger → detectar → responder → recuperar;Informe de riesgos y plan de respuesta a incidentes aprobado por la organización;3;4;4;4;3;4;4;3;3;3;4;4;4;85;85;100;100;90;"PCM: «brecha crítica de profesionales capacitados en ciberseguridad»; necesidad proyectada de 7 000–13 500 profesionales; 76 % de empleadores sin talento en IA y ciberseguridad [E-B7][E-L9]. Remuneración muy sobre el promedio (S/ 9 410–19 440) [E-L11].";"748 M de intentos de ataque en el primer semestre de 2025; sector público principal blanco 2025 [P-L2][P-L1]. Impulso normativo con plazo: DS 126-2025-PCM (vigente 03-02-2026, reporte en 48 h), Res. SBS 504-2021, Res. 003-2023-PCM/SGTD (Oficial de Seguridad obligatorio) [N-2][N-3][N-8]. +15 % 2024, +20 % 2025 [E-L7].";"Criticidad grave (servicios públicos, banca, salud); alcance nacional. Se automatiza el SOC de nivel 1; no la respuesta ni el gobierno del riesgo [P-L1].";"E-L7, E-L9, E-L11; P-L1, P-L2; N-2, N-3, N-8; O-tabla";Conteos y cifras: dato verificable (evidencias). Puntuaciones 1–4: juicio del modelo bajo reglas declaradas.;4 4 4 4 4 4 · med 4 · I-CVI 1 · CVR 1 · 100 % · RIC 0 · Esencial;;;;;;;;;;;
SIS-04;Infraestructura en la nube y DevOps;Diseña y automatiza la plataforma donde corre el software: nube, contenedores, pipelines y observabilidad.;establecida;infraestructura;4;"Aviso Valtx «Especialista de Infraestructura Cloud – AWS»: DevOps, CI/CD, FinOps, «planilla completa desde el primer día» [E-B8]; Estado «Especialista en infraestructura tecnológica» S/ 11 000 [E-L2].";3;Consultoras cloud (Valtx, Bluetab) y servicios gestionados [E-B8].;8;Arquitectura cloud · infraestructura como código · contenedores · CI/CD · observabilidad · costos · automatización · respaldo;Diseñar la plataforma → automatizar → operar → observar → optimizar;Plataforma operando con infraestructura como código, pipelines y tablero de observabilidad;4;4;3;4;2;4;2;4;3;4;3;3;3;87;78;67;67;77;"Jobsora 617 avisos «aws», Glassdoor 91 «aws engineer» [E-B8]; consultoras, fintech, multinacionales y Estado; Buk jefe de infraestructura mediana S/ 7 190 (hasta 12 610) [E-L11]. Arquitectos cloud +15 % en 2024 [E-L7].";"Demanda de nube híbrida +600 % en cinco meses (Red Hat); banca, telcos y gobierno lideran; data centers de US$ 100 M (ON) y anuncios de AWS en 2026 [P-L5][P-L11][P-S]. Sin norma con plazo propia; la SBS exige certificaciones ISO 27017/27018 a proveedores cloud [N-3].";"Soporte de cargas de IA y servicios del Estado; se automatizan IaC y pipelines de rutina, la operación híbrida y regulada exige criterio [P-L4].";"E-L2, E-L7, E-L11; P-L5, P-L11; N-3; O-tabla";Conteos y cifras: dato verificable (evidencias). Puntuaciones 1–4: juicio del modelo bajo reglas declaradas.;4 4 3 4 4 3 · med 4 · I-CVI 1 · CVR 1 · 100 % · RIC 1 · Esencial;;;;;;;;;;;
SIS-05;Gestión de proyectos y servicios de TI;Dirige el proyecto tecnológico de principio a fin y opera el servicio bajo acuerdos de nivel.;establecida;gestión TI;4;"Glassdoor 52 avisos «PMO» en Lima; BeBee 598+ «gestión de proyectos»; consultoras buscan jefes de PMO para banca [E-B14]; Estado «Analista Scrum Master» [E-L2].";3;Consultoría de proyectos por programa y freelance (Freelancermap) [E-B13][E-B14].;9;Planificación · alcance y cambio · dirección de equipos · control · proveedores · ITIL · acuerdos de nivel · mejora continua · reporte;Planificar → dirigir → controlar → entregar → operar el servicio;Proyecto entregado con acta de cierre y catálogo de servicios operando bajo acuerdos de nivel;4;4;2;3;3;2;2;3;2;3;3;3;4;78;43;67;100;69;"Buk 2026: gestión ágil de proyectos mediana S/ 7 290; Scrum Master S/ 5 646 [E-L11][E-B14]. Sin señal específica de escasez.";"Sin serie propia; drivers: portafolio de IA (6 de 10 empresas en piloto) y Plan de Gobierno y Transformación Digital 2024–2026 [P-S]. Reglamento DL 1412 sin presupuesto adicional [N-5].";"La ejecución de la inversión en IA depende de gestión; negociación y priorización no se automatizan [P-L4].";"E-L2, E-L11; P-L4; N-5; O-tabla";Conteos y cifras: dato verificable (evidencias). Puntuaciones 1–4: juicio del modelo bajo reglas declaradas.;3 3 3 3 3 3 · med 3 · I-CVI 1 · CVR 1 · 100 % · RIC 0 · Esencial;;;;;;;;;;;
SIS-06;Arquitectura empresarial y transformación digital;Alinea la tecnología con la estrategia: diagnostica la madurez digital y traza la hoja de ruta con su arquitectura objetivo.;emergente;gestión TI;3;"Sin conteo propio; puestos senior en banca y servicios de transformación; Buk: arquitecto de software S/ 10 850, subgerente TI S/ 12 210, CTO S/ 15 210 [E-L11][E-B14].";4;"Consultoras de transformación digital y arquitectura; ProInnóvate apoya 30 000 pymes/año [P-S].";6;Diagnóstico de madurez · alineamiento estrategia–tecnología · arquitectura objetivo · portafolio · gestión del cambio · medición del valor;Diagnosticar → alinear → diseñar la arquitectura → priorizar → medir el valor;Hoja de ruta de transformación digital aprobada por la alta dirección con su arquitectura objetivo;2;3;4;4;3;3;3;3;3;3;3;4;4;67;67;80;100;75;"71 % de empresas incorporó perfiles digitales en 2024; el perfil que «diseña arquitecturas que integran IA, nube y datos» lidera la EDO [E-L10][P-L7]. Remuneración muy sobre el promedio.";"Política Nacional de Transformación Digital al 2030 (DS 085-2023-PCM) y Plan 2024–2026, sin presupuesto explícito [N-9][P-S]; 60 % de empresas evaluando IA [P-L4]; 7 de 10 planean automatización en 2026 [E-L5].";"Sin arquitectura la inversión en IA se fragmenta; la decisión y el gobierno son humanos [P-L4].";"E-L5, E-L10, E-L11; P-L4, P-L7; N-5, N-9; O-tabla";Conteos y cifras: dato verificable (evidencias). Puntuaciones 1–4: juicio del modelo bajo reglas declaradas.;3 3 3 2 3 2 · med 3 · I-CVI 0.67 · CVR 0.33 · 67 % · RIC 1 · Sin consenso · ronda 2;;;;;;;;;;;
SIS-07;Desarrollo móvil y experiencias digitales;Construye aplicaciones móviles y experiencias digitales: diseña la experiencia, programa, publica y mide el uso.;establecida;desarrollo;3;"Se convoca dentro de equipos de producto de banca, telecom y fintech (Guinea Mobile/Cuy Móvil en Get on Board) [E-L8]; sin conteo propio.";4;"Estudios de desarrollo y freelance de apps; fintech captura 76,9 % del capital de riesgo 2025 [P-S].";6;Experiencia de usuario · desarrollo nativo y multiplataforma · integración · publicación · analítica · mantenimiento;Analizar → diseñar la experiencia → construir → verificar → publicar;Aplicación publicada con sus métricas de uso y su registro de versiones;3;4;2;3;2;3;2;3;3;4;2;3;2;63;62;47;33;55;"Sin cifra separada: los portales lo integran en «desarrollo de software»; la EDO nombra «desarrollo y mantenimiento de aplicaciones» [E-B15]. Remuneración de referencia la de desarrollo [E-L11].";"39,4 M de líneas móviles; internet principalmente por celular; 5G en 5 ciudades [P-S][P-L11]. Tiende a fusionarse con desarrollo de software [P-L9].";"Canal principal de banca digital y servicios; el front-end estándar es altamente automatizable [P-L10].";"E-L8, E-L11; P-L10, P-L11; O-tabla";Conteos y cifras: dato verificable (evidencias). Puntuaciones 1–4: juicio del modelo bajo reglas declaradas.;2 2 2 2 2 2 · med 2 · I-CVI 0 · CVR -1 · 100 % · RIC 0 · No esencial;;;;;;;;;;;
SIS-08;Consultoría e implementación de ERP (SAP);Configura, integra y pone en marcha sistemas de gestión empresarial y sus procesos financieros y logísticos.;establecida;gestión TI;4;"Computrabajo con secciones activas «consultor SAP», «analista SAP», «analista funcional SAP»; aviso San Isidro «100 % presencial, SAP Hybris/Commerce Cloud» [E-B9].";4;"Consultoría por proyecto e integradores; Freelancermap lista «ingeniería SAP» [E-B13].";7;Levantamiento de procesos · configuración de módulos · integración · migración · pruebas · capacitación · soporte posimplantación;Relevar el proceso → configurar → integrar → probar → poner en marcha;Sistema de gestión implantado con sus procesos configurados y acta de puesta en marcha;3;3;3;3;2;2;1;3;2;4;3;3;3;63;38;67;67;57;"Consultor SAP S/ 2 000–10 000; Buk consultor ERP mediana S/ 6 420 [E-B9][E-L11]; retail, consultoras e integradores.";"Sin cifras públicas de Perú; manufactura y minería adoptan IA en inventarios y cadena de suministro; 10+ proyectos mineros en 2026; migración a ERP en nube [P-L3][P-L7]. Sin norma.";"Procesos financieros y logísticos de grandes empresas; configuración y reportes automatizables, rediseño e integración no [P].";"E-B9, E-L11; P-L3, P-L7; O-tabla";Conteos y cifras: dato verificable (evidencias). Puntuaciones 1–4: juicio del modelo bajo reglas declaradas.;2 2 2 2 2 3 · med 2 · I-CVI 0.17 · CVR -0.67 · 83 % · RIC 0 · No esencial;;;;;;;;;;;
SIS-09;Análisis funcional y de sistemas de información;Traduce las necesidades del negocio en requerimientos y especificaciones para los equipos de desarrollo.;establecida;desarrollo;4;"Secciones «analista funcional» activas; banca (Scotiabank), industria y Estado convocan «Analista de Sistemas» [E-B9][E-L1][E-L2].";2;"Complemento de ingresos por encargo; sin evidencia de negocio escalable.";6;Levantamiento · modelado de procesos · especificación · casos de uso · pruebas de aceptación · gestión del cambio;Relevar → especificar → validar → acompañar la construcción;Documento de especificación de requisitos aprobado y casos de aceptación;4;4;2;2;3;2;2;2;2;3;2;3;2;73;37;47;33;51;"La EDO nombra «analistas de sistemas de información» entre los más requeridos [E-B15]; remuneración S/ 2 000–4 600, bajo el promedio senior [E-B9].";"Sin serie; la IA generativa absorbe documentación y especificación rutinaria [P-L10].";"Criticidad moderada; alta exposición a la IA en tareas de documentación [P-L10].";"E-L1, E-L2, E-B9; P-L10; O-tabla";Conteos y cifras: dato verificable (evidencias). Puntuaciones 1–4: juicio del modelo bajo reglas declaradas.;3 2 3 3 2 3 · med 3 · I-CVI 0.67 · CVR 0.33 · 67 % · RIC 1 · Sin consenso · ronda 2;;;;;;;;;;;
SIS-10;Aseguramiento de calidad y pruebas de software;Prueba el software antes de que llegue al usuario: diseña casos, automatiza y certifica la versión.;establecida;desarrollo;3;"Sección «qa funcional» activa; QA S/ 3 500 «remoto o presencial» [E-B9]; Buk jefe de QA mediana S/ 6 740 [E-L11].";2;Sin evidencia de negocio propio.;5;Casos de prueba · automatización · rendimiento · defectos · aseguramiento del proceso;Recibir la versión → probar → reportar → certificar;Informe de pruebas con cobertura y certificación de la versión;3;3;2;2;2;2;1;2;2;4;3;3;2;52;32;67;33;46;"Consultoras y banca; volumen medio con remuneración de entrada baja [E-B9].";"Sin serie; es la especialidad de software con más tareas automatizables (generación de casos y scripts); riesgo de extinción del tester manual [P].";"Calidad de apps financieras y estatales; el rol se desplaza a ingeniería de calidad [P-L10].";"E-B9, E-L11; P-L10; O-tabla";Conteos y cifras: dato verificable (evidencias). Puntuaciones 1–4: juicio del modelo bajo reglas declaradas.;2 2 2 3 2 2 · med 2 · I-CVI 0.17 · CVR -0.67 · 83 % · RIC 0 · No esencial;;;;;;;;;;;
SIS-11;Redes y telecomunicaciones;Diseña y opera la red que conecta a la organización: equipos, seguridad perimetral y disponibilidad.;establecida;infraestructura;3;"Avisos de Fortinet («Systems Engineer»), Bitel e Inetum en LinkedIn [E-L1]; sin conteo propio.";3;"Integradores y contratistas de redes; servicios a minería [P-L11].";6;Diseño de redes · configuración · seguridad perimetral · comunicaciones unificadas · monitoreo · soporte físico;Diseñar la red → implementar → operar → asegurar la disponibilidad;Red operando con su documentación y sus indicadores de disponibilidad;2;3;2;2;3;3;2;4;3;3;3;4;4;43;65;80;100;66;"Operadores, integradores y Estado; remuneración al promedio; sin conteo en portales [E-L1].";"Inversión sectorial S/ 5 800 M en 2026 (+20–25 %); 5G con US$ 506 M mínimos de cuatro operadores y 437 localidades rurales; Bitel US$ 600 M en 20 años [P-L11]. Sin norma que habilite ni reserve (TUO Ley de Telecomunicaciones) [N-B12].";"Conectividad de minas y servicios públicos; infraestructura física poco automatizable [P-L11].";"E-L1; P-L11; N-B12; O-tabla";Conteos y cifras: dato verificable (evidencias). Puntuaciones 1–4: juicio del modelo bajo reglas declaradas.;2 2 2 2 3 3 · med 2 · I-CVI 0.33 · CVR -0.33 · 67 % · RIC 1 · Sin consenso · ronda 2;;;;;;;;;;;
SIS-12;Auditoría de sistemas y gobierno de TI;Evalúa controles y riesgos de TI ante el comité de auditoría y sostiene el gobierno de la tecnología.;establecida;gestión TI;3;"Riesgo y cumplimiento de ciberseguridad 70k–100k anuales (Michael Page) [E-B5]; sin conteo de «auditor de sistemas» [E-B14].";3;"Firmas de auditoría y consultoras; la SBS exige evaluación independiente del SGSI con certificaciones internacionales [N-3].";5;Auditoría de controles · riesgos de TI · cumplimiento · COBIT · reporte al comité;Planificar la auditoría → evaluar controles → reportar → seguir hallazgos;Informe de auditoría de sistemas con hallazgos y plan de remediación;2;2;3;3;4;2;4;3;2;2;4;3;4;52;57;87;100;68;"Banca, seguros, contraloría y firmas de auditoría; exige colegiatura y certificación [N-1][N-3].";"Res. SBS 504-2021 incorporó la evaluación de seguridad y sistemas a los reglamentos de auditoría; NTP-ISO/IEC 27001 obligatoria en el Estado con SGSI 2024–2026 [N-3][N-8]; auditoría de algoritmos de IA emergente [P].";"Continuidad de servicios críticos del Estado; rol de control poco automatizable [P-L1].";"E-B5; P-L1; N-1, N-3, N-8; O-tabla";Conteos y cifras: dato verificable (evidencias). Puntuaciones 1–4: juicio del modelo bajo reglas declaradas.;2 3 3 2 3 3 · med 3 · I-CVI 0.67 · CVR 0.33 · 67 % · RIC 1 · Sin consenso · ronda 2;;;;;;;;;;;
SIS-13;Protección de datos personales y privacidad;Diseña e implementa el cumplimiento de datos personales: políticas, controles, incidentes y relación con la autoridad.;emergente;seguridad;3;"Figura de Oficial de Datos Personales obligatoria para entidades públicas, tratamientos masivos y datos sensibles (DS 016-2024-JUS art. 37) [N-6]; sin conteo en portales.";3;Consultoría de cumplimiento compartida con abogados [N-6].;5;Inventario de tratamientos · política de seguridad · gestión de incidentes · derechos ARCO · relación con la ANPDP;Inventariar → diseñar controles → operar → notificar → auditar;Programa de cumplimiento de datos personales con registro de incidentes y reportes a la autoridad;2;3;3;3;3;2;4;2;2;2;4;4;4;55;50;100;100;69;"Demanda derivada de la obligación legal en todos los sectores; sin conteo específico en el barrido de empleo.";Ley 29733 y DS 016-2024-JUS (vigente 29-03-2025): Oficial de Datos obligatorio con entrada escalonada 2025–2028, notificación de incidentes en 48 h, ANPDP fiscaliza y sanciona [N-6].;"Criticidad grave (sanciones, derechos de las personas); alcance nacional; la decisión y la relación con la autoridad no se automatizan.";"N-6; O-tabla";Conteos y cifras: dato verificable (evidencias). Puntuaciones 1–4: juicio del modelo bajo reglas declaradas.;2 3 3 2 2 2 · med 2 · I-CVI 0.33 · CVR -0.33 · 67 % · RIC 1 · Sin consenso · ronda 2;;;;;;;;;;;
SIS-14;Inteligencia de negocios y analítica empresarial;Construye reportes, tableros y análisis que sostienen decisiones de gerencia.;establecida;datos;4;"LinkedIn «Business Intelligence Analyst» 64–148 empleos [E-B12]; Buk jefe de BI mediana S/ 8 000 [E-L11].";3;Consultoría de analítica y tableros [E-L8].;5;Modelado de datos · ETL · tableros · indicadores · análisis descriptivo;Integrar → modelar → visualizar → analizar;Tablero de indicadores en operación con su modelo de datos documentado;3;4;3;3;2;3;2;3;3;4;3;3;2;70;62;67;33;61;"Banca, retail y telcos [E-B10]; TI y datos tradicionales demandados por 78 % de empleadores TI [P-L9].";"Adopción de IA exige gobernanza y calidad de datos [P-L4]; los tableros estándar se automatizan; converge con ciencia de datos [P].";Misma naturaleza que ciencia de datos: candidata a integración [O-tabla].;"E-B12, E-L11; P-L4, P-L9; O-tabla";Conteos y cifras: dato verificable (evidencias). Puntuaciones 1–4: juicio del modelo bajo reglas declaradas.;3 2 2 3 2 3 · med 2.5 · I-CVI 0.5 · CVR 0 · 50 % · RIC 1 · Sin consenso · ronda 2;;;;;;;;;;;
SIS-15;Internet de las cosas y sistemas embebidos;Conecta dispositivos físicos a plataformas de datos: programa el dispositivo y analiza sus sensores.;emergente;infraestructura;2;"Sin dato en ninguna búsqueda de empleo [E]; proyectos piloto en minería y agroindustria [P-L3].";3;"Integradores de soluciones industriales; UPN lo dicta como curso [O-14].";5;Dispositivos · programación embebida · protocolos · plataforma IoT · analítica de sensores;Diseñar el dispositivo → conectar → integrar → analizar;Solución IoT operando con su plataforma y sus datos;1;2;2;3;2;3;1;3;4;2;3;3;4;27;52;67;100;53;"Sin avisos en el barrido; se contrata dentro de proyectos de minería 4.0 [E][P-L3].";"88 % de empresas evalúa IA en el edge; fibra a 24 minas; 5G como habilitador; industria 4.0 como driver estructural [P-S][P-L11]. Experimentación ligada a 5G.";Seguridad operacional minera e industrial (17 % de incidentes graves) [P-L1].;"P-L1, P-L3, P-L11; O-14";Conteos y cifras: dato verificable (evidencias). Puntuaciones 1–4: juicio del modelo bajo reglas declaradas.;2 2 2 1 3 2 · med 2 · I-CVI 0.17 · CVR -0.67 · 83 % · RIC 0 · No esencial;;;;;;;;;;;
SIS-16;Blockchain y activos digitales;Desarrolla y audita contratos inteligentes sobre redes distribuidas.;emergente;desarrollo;1;Sin dato en ninguna búsqueda de empleo ni de prospectiva para Perú [E][P].;3;"Proyectos puntuales en fintech; sin cifra.";3;Contratos inteligentes · billeteras · auditoría;Diseñar el contrato → desplegar → auditar;Contrato inteligente desplegado y auditado;1;1;2;3;1;2;1;2;2;2;2;2;2;17;25;33;33;25;Sin puestos con ese nombre en el país [E].;"La búsqueda de prospectiva no arrojó información sobre blockchain en Perú; fintech captura el capital de riesgo sin blockchain como especialidad [P-S].";"Bajo alcance; en extinción como especialidad autónoma [P].";"P-S; O-tabla";Conteos y cifras: dato verificable (evidencias). Puntuaciones 1–4: juicio del modelo bajo reglas declaradas.;1 1 1 1 1 1 · med 1 · I-CVI 0 · CVR -1 · 100 % · RIC 0 · No esencial;;;;;;;;;;;
SIS-17;Administración de bases de datos;Instala, afina y respalda las bases de datos que usan los sistemas.;establecida;datos;3;"Estado: «Especialista en administración de base de datos» recurrente, S/ 6 500–10 000 [E-L2]; sin conteo privado.";1;"No sostiene negocio propio; se contrata dentro del equipo de plataforma.";3;Instalación y afinamiento · respaldo y recuperación · seguridad de acceso;Recibir el requerimiento → administrar → respaldar;Base de datos operando con su plan de respaldo;2;3;2;3;3;1;2;2;2;4;3;3;2;48;30;67;33;44;"Estado y banca; el privado lo absorbe en DevOps y datos [E-L2].";"Los servicios gestionados en la nube absorben la administración; se reconvierte a ingeniería de datos [P].";"Integridad de datos financieros y estatales; el DBA operativo es altamente automatizable [P-L4].";"E-L2; P-L4; O-tabla";Conteos y cifras: dato verificable (evidencias). Puntuaciones 1–4: juicio del modelo bajo reglas declaradas.;2 2 2 2 2 2 · med 2 · I-CVI 0 · CVR -1 · 100 % · RIC 0 · No esencial;;;;;;;;;;;
SIS-18;Diseño de experiencia de usuario (UX/UI);Investiga, diseña y valida la experiencia e interfaz de productos digitales.;establecida;desarrollo;3;LinkedIn Perú «UI UX» 39–56 vacantes [E-B12].;4;Estudios de diseño y freelance.;5;Investigación de usuarios · arquitectura de información · prototipado · pruebas de usabilidad · sistema de diseño;Investigar → diseñar → prototipar → validar;Prototipo validado y sistema de diseño documentado;2;3;2;3;1;2;1;2;3;3;2;3;2;42;33;47;33;39;"Volumen bajo y compartido con diseño gráfico; colegiatura no exigida [E-B12].";"Sin serie; UTEC lo declara como concentración [O-5].";"Campo compartido con diseño; en el límite del alcance que habilita el título de ingeniero [O-tabla].";"E-B12; O-5";Conteos y cifras: dato verificable (evidencias). Puntuaciones 1–4: juicio del modelo bajo reglas declaradas.;2 2 1 2 2 2 · med 2 · I-CVI 0 · CVR -1 · 100 % · RIC 0 · No esencial;;;;;;;;;;;
SIS-19;Soporte técnico y mesa de ayuda;Atiende incidencias de primer nivel y gestiona tickets.;en extinción;infraestructura;3;"Gran parte de los 163 avisos «ingeniero de sistemas sin experiencia» con base S/ 1 200 [E-B1]; clínicas, universidades y UGEL [E-L1][E-L2].";1;No sostiene negocio propio.;3;Incidencias de primer nivel · instalación · tickets;Recibir el ticket → resolver → cerrar;Ticket cerrado;4;3;1;1;1;1;1;1;2;3;2;2;1;48;12;33;0;27;"Puesto técnico, no de ingeniero; remuneración muy bajo el promedio [E-B1][E-L11].";"Los empleos de entrada son los primeros automatizados (OIT 2026); soporte nivel 1 en la franja de mayor exposición [P-S][P-L10].";"Contracción como carrera universitaria; puerta de entrada técnica [P].";"E-B1, E-L11; P-L10";Conteos y cifras: dato verificable (evidencias). Puntuaciones 1–4: juicio del modelo bajo reglas declaradas.;1 1 1 1 1 1 · med 1 · I-CVI 0 · CVR -1 · 100 % · RIC 0 · No esencial;;;;;;;;;No entra (provisional);;Origen en extinción: sale del alcance con motivo declarado
SIS-20;IA generativa y automatización asistida;Atraviesa las funciones de todas las especialidades: generación de código, documentación, pruebas, análisis y soporte.;emergente;transversal;1;"No hay puestos con ese nombre: hay tareas asistidas dentro del trabajo del ingeniero; alfabetización en IA demandada por 82 % de empleadores TI [P-L9].";2;"Complemento dentro de consultoría; no campo de ejercicio.";0;Atraviesa varios procesos profesionales;Atraviesa varios procesos profesionales;No entrega evidencia profesional propia;2;3;3;3;1;4;3;4;3;3;3;4;2;48;83;80;33;63;Competencia más demandada del sector TI (84 % desarrollo de IA, 82 % alfabetización) [P-L9].;"CAGR de IA generativa 45,1 % 2025–2029; 50 % de grandes empresas la usa [P-S][P-L3]; Ley 31814 [N-4].";Tecnología habilitante: recurso de productividad del paso 2.2, no especialidad [método].;"P-L3, P-L9; N-4";Conteos y cifras: dato verificable (evidencias). Puntuaciones 1–4: juicio del modelo bajo reglas declaradas.;No se valora (regla del puesto);;;;;;;;;Recurso del 2.2 (provisional);;Atraviesa todas las especialidades: tecnología habilitante, no campo de ejercicio
